source,relativePath,absolutePath,directory,fileName,extension,sizeBytes,modifiedUtc,sha256,tags,modUses
physical,Clawed.exe,C:\Program Files (x86)\Steam\steamapps\common\Clawed\Clawed.exe,,Clawed.exe,.exe,168448,2026-08-13T19:37:39.536Z,3b49b5a36418b81b7954f032036e93549572ff5934bc9644fb9eac8d314f22e8,bootstrap_executable,Inventory and fingerprinting reference
physical,Clawed/Binaries/Win64/api-ms-win-core-console-l1-1-0.dll,C:\Program Files (x86)\Steam\steamapps\common\Clawed\Clawed\Binaries\Win64\api-ms-win-core-console-l1-1-0.dll,Clawed/Binaries/Win64,api-ms-win-core-console-l1-1-0.dll,.dll,43408,2026-08-13T19:44:14.508Z,8c46ddd64e5c0be9ed8b91c70853499c05867c805668e7e5f3fc5aa7933fdf61,runtime_library,Runtime dependency mapping and diagnostics; do not overwrite unknown runtime DLLs
physical,Clawed/Binaries/Win64/api-ms-win-core-console-l1-2-0.dll,C:\Program Files (x86)\Steam\steamapps\common\Clawed\Clawed\Binaries\Win64\api-ms-win-core-console-l1-2-0.dll,Clawed/Binaries/Win64,api-ms-win-core-console-l1-2-0.dll,.dll,43408,2026-08-13T19:44:14.514Z,4fe329dd00ade85f0d92d2a3ff9fdd5cc060d7755eb0b02d38939da357a947d3,runtime_library,Runtime dependency mapping and diagnostics; do not overwrite unknown runtime DLLs
physical,Clawed/Binaries/Win64/api-ms-win-core-datetime-l1-1-0.dll,C:\Program Files (x86)\Steam\steamapps\common\Clawed\Clawed\Binaries\Win64\api-ms-win-core-datetime-l1-1-0.dll,Clawed/Binaries/Win64,api-ms-win-core-datetime-l1-1-0.dll,.dll,43392,2026-08-13T19:44:18.761Z,039d2cd2bb69447bab5628df80097b5ea060861ab8578633e1fe71d6e4fd117b,runtime_library,Runtime dependency mapping and diagnostics; do not overwrite unknown runtime DLLs
physical,Clawed/Binaries/Win64/api-ms-win-core-debug-l1-1-0.dll,C:\Program Files (x86)\Steam\steamapps\common\Clawed\Clawed\Binaries\Win64\api-ms-win-core-debug-l1-1-0.dll,Clawed/Binaries/Win64,api-ms-win-core-debug-l1-1-0.dll,.dll,43408,2026-08-13T19:44:21.173Z,89321eef96dec5c401d073a0fa4fb56827c3834165bca9a121a17e8f4343b682,runtime_library,Runtime dependency mapping and diagnostics; do not overwrite unknown runtime DLLs
physical,Clawed/Binaries/Win64/api-ms-win-core-errorhandling-l1-1-0.dll,C:\Program Files (x86)\Steam\steamapps\common\Clawed\Clawed\Binaries\Win64\api-ms-win-core-errorhandling-l1-1-0.dll,Clawed/Binaries/Win64,api-ms-win-core-errorhandling-l1-1-0.dll,.dll,43416,2026-08-13T19:44:05.386Z,107c2d964dd0c947c18ee0005167479bcb3a6a0156675507cc1c09c0b4c559b0,runtime_library,Runtime dependency mapping and diagnostics; do not overwrite unknown runtime DLLs
physical,Clawed/Binaries/Win64/api-ms-win-core-fibers-l1-1-0.dll,C:\Program Files (x86)\Steam\steamapps\common\Clawed\Clawed\Binaries\Win64\api-ms-win-core-fibers-l1-1-0.dll,Clawed/Binaries/Win64,api-ms-win-core-fibers-l1-1-0.dll,.dll,43408,2026-08-13T19:44:20.587Z,ba49050905727511803d9c3b2ffc90a1f1ba0f198c0c3b1ce9c317aec2ccb4e6,runtime_library,Runtime dependency mapping and diagnostics; do not overwrite unknown runtime DLLs
physical,Clawed/Binaries/Win64/api-ms-win-core-file-l1-1-0.dll,C:\Program Files (x86)\Steam\steamapps\common\Clawed\Clawed\Binaries\Win64\api-ms-win-core-file-l1-1-0.dll,Clawed/Binaries/Win64,api-ms-win-core-file-l1-1-0.dll,.dll,47504,2026-08-13T19:44:19.835Z,93bedb8a552ec848009fdd29d7669da6d4ffacce62646babf43aff79dc82986b,runtime_library,Runtime dependency mapping and diagnostics; do not overwrite unknown runtime DLLs
physical,Clawed/Binaries/Win64/api-ms-win-core-file-l1-2-0.dll,C:\Program Files (x86)\Steam\steamapps\common\Clawed\Clawed\Binaries\Win64\api-ms-win-core-file-l1-2-0.dll,Clawed/Binaries/Win64,api-ms-win-core-file-l1-2-0.dll,.dll,43392,2026-08-13T19:44:21.085Z,fe4a1a732638703de184aca72e0ba3b389b192a32cea39c196ee69623cd5356f,runtime_library,Runtime dependency mapping and diagnostics; do not overwrite unknown runtime DLLs
physical,Clawed/Binaries/Win64/api-ms-win-core-file-l2-1-0.dll,C:\Program Files (x86)\Steam\steamapps\common\Clawed\Clawed\Binaries\Win64\api-ms-win-core-file-l2-1-0.dll,Clawed/Binaries/Win64,api-ms-win-core-file-l2-1-0.dll,.dll,43392,2026-08-13T19:44:20.290Z,f3b06ae2bdca3723f9fedbcbc5acf58d2e25c19947ae48ad077b772d3f14aa0e,runtime_library,Runtime dependency mapping and diagnostics; do not overwrite unknown runtime DLLs
physical,Clawed/Binaries/Win64/api-ms-win-core-handle-l1-1-0.dll,C:\Program Files (x86)\Steam\steamapps\common\Clawed\Clawed\Binaries\Win64\api-ms-win-core-handle-l1-1-0.dll,Clawed/Binaries/Win64,api-ms-win-core-handle-l1-1-0.dll,.dll,43408,2026-08-13T19:44:20.350Z,732e357f1b989339f4a53252dd59d9d8a76335c46853c940649ab694da3a2a18,runtime_library,Runtime dependency mapping and diagnostics; do not overwrite unknown runtime DLLs
physical,Clawed/Binaries/Win64/api-ms-win-core-heap-l1-1-0.dll,C:\Program Files (x86)\Steam\steamapps\common\Clawed\Clawed\Binaries\Win64\api-ms-win-core-heap-l1-1-0.dll,Clawed/Binaries/Win64,api-ms-win-core-heap-l1-1-0.dll,.dll,43416,2026-08-13T19:44:19.047Z,fa60535a23fa21ba49f94c473963475a1f443c0defe08bbcdf692e68f8c6d27f,runtime_library,Runtime dependency mapping and diagnostics; do not overwrite unknown runtime DLLs
physical,Clawed/Binaries/Win64/api-ms-win-core-interlocked-l1-1-0.dll,C:\Program Files (x86)\Steam\steamapps\common\Clawed\Clawed\Binaries\Win64\api-ms-win-core-interlocked-l1-1-0.dll,Clawed/Binaries/Win64,api-ms-win-core-interlocked-l1-1-0.dll,.dll,43392,2026-08-13T19:44:14.570Z,a396170ddfae22c8a5cfb3a4dc52024b8a64b0ff39f3a4588e58ba902b394159,runtime_library,Runtime dependency mapping and diagnostics; do not overwrite unknown runtime DLLs
physical,Clawed/Binaries/Win64/api-ms-win-core-libraryloader-l1-1-0.dll,C:\Program Files (x86)\Steam\steamapps\common\Clawed\Clawed\Binaries\Win64\api-ms-win-core-libraryloader-l1-1-0.dll,Clawed/Binaries/Win64,api-ms-win-core-libraryloader-l1-1-0.dll,.dll,43408,2026-08-13T19:44:05.389Z,942929b31c8a2e00aaabba224bdc688a4d62dd5112093786bc1e72548c884eba,runtime_library,Runtime dependency mapping and diagnostics; do not overwrite unknown runtime DLLs
physical,Clawed/Binaries/Win64/api-ms-win-core-localization-l1-2-0.dll,C:\Program Files (x86)\Steam\steamapps\common\Clawed\Clawed\Binaries\Win64\api-ms-win-core-localization-l1-2-0.dll,Clawed/Binaries/Win64,api-ms-win-core-localization-l1-2-0.dll,.dll,43408,2026-08-13T19:44:16.841Z,aa207dddf1e24e8d90891e332d3f3c00d04c405bd48f6ec6c5f7c906bf9feb15,runtime_library,Runtime dependency mapping and diagnostics; do not overwrite unknown runtime DLLs
physical,Clawed/Binaries/Win64/api-ms-win-core-memory-l1-1-0.dll,C:\Program Files (x86)\Steam\steamapps\common\Clawed\Clawed\Binaries\Win64\api-ms-win-core-memory-l1-1-0.dll,Clawed/Binaries/Win64,api-ms-win-core-memory-l1-1-0.dll,.dll,43408,2026-08-13T19:44:14.030Z,37fb3ab8675c1cca92ec49cf0298b30a44e92671e9d099b6b73b087d5567742b,runtime_library,Runtime dependency mapping and diagnostics; do not overwrite unknown runtime DLLs
physical,Clawed/Binaries/Win64/api-ms-win-core-namedpipe-l1-1-0.dll,C:\Program Files (x86)\Steam\steamapps\common\Clawed\Clawed\Binaries\Win64\api-ms-win-core-namedpipe-l1-1-0.dll,Clawed/Binaries/Win64,api-ms-win-core-namedpipe-l1-1-0.dll,.dll,43416,2026-08-13T19:44:19.890Z,6f58f31775a28b8bac9c9324a391f0a5f97786a1a853efa6bfb02c089bfa17e8,runtime_library,Runtime dependency mapping and diagnostics; do not overwrite unknown runtime DLLs
physical,Clawed/Binaries/Win64/api-ms-win-core-processenvironment-l1-1-0.dll,C:\Program Files (x86)\Steam\steamapps\common\Clawed\Clawed\Binaries\Win64\api-ms-win-core-processenvironment-l1-1-0.dll,Clawed/Binaries/Win64,api-ms-win-core-processenvironment-l1-1-0.dll,.dll,43408,2026-08-13T19:44:15.426Z,0dc009ddc8a3ba2c7bbf86e44e82f56f1bd045c1c4891b6f660fc063e776221c,runtime_library,Runtime dependency mapping and diagnostics; do not overwrite unknown runtime DLLs
physical,Clawed/Binaries/Win64/api-ms-win-core-processthreads-l1-1-0.dll,C:\Program Files (x86)\Steam\steamapps\common\Clawed\Clawed\Binaries\Win64\api-ms-win-core-processthreads-l1-1-0.dll,Clawed/Binaries/Win64,api-ms-win-core-processthreads-l1-1-0.dll,.dll,43392,2026-08-13T19:44:05.391Z,8e2ae3b0c4703b767d384cd060156a88345f880c7e53ee28a9434d80d3422e60,runtime_library,Runtime dependency mapping and diagnostics; do not overwrite unknown runtime DLLs
physical,Clawed/Binaries/Win64/api-ms-win-core-processthreads-l1-1-1.dll,C:\Program Files (x86)\Steam\steamapps\common\Clawed\Clawed\Binaries\Win64\api-ms-win-core-processthreads-l1-1-1.dll,Clawed/Binaries/Win64,api-ms-win-core-processthreads-l1-1-1.dll,.dll,43400,2026-08-13T19:44:19.072Z,18eecfd81c27a22f60ba4bdcbe580ab96fe4e1d931ca0df1beb138d21007405c,runtime_library,Runtime dependency mapping and diagnostics; do not overwrite unknown runtime DLLs
physical,Clawed/Binaries/Win64/api-ms-win-core-profile-l1-1-0.dll,C:\Program Files (x86)\Steam\steamapps\common\Clawed\Clawed\Binaries\Win64\api-ms-win-core-profile-l1-1-0.dll,Clawed/Binaries/Win64,api-ms-win-core-profile-l1-1-0.dll,.dll,43392,2026-08-13T19:44:21.280Z,23ea9ece1471be0e9ba83c8fda02553b1577729653456deeeafa2a0e2df53d45,runtime_library,Runtime dependency mapping and diagnostics; do not overwrite unknown runtime DLLs
physical,Clawed/Binaries/Win64/api-ms-win-core-rtlsupport-l1-1-0.dll,C:\Program Files (x86)\Steam\steamapps\common\Clawed\Clawed\Binaries\Win64\api-ms-win-core-rtlsupport-l1-1-0.dll,Clawed/Binaries/Win64,api-ms-win-core-rtlsupport-l1-1-0.dll,.dll,43408,2026-08-13T19:44:19.859Z,7d27e3c0ad136c3a2b0a96317383eb08c3b69630895353974db45783654c68c2,runtime_library,Runtime dependency mapping and diagnostics; do not overwrite unknown runtime DLLs
physical,Clawed/Binaries/Win64/api-ms-win-core-string-l1-1-0.dll,C:\Program Files (x86)\Steam\steamapps\common\Clawed\Clawed\Binaries\Win64\api-ms-win-core-string-l1-1-0.dll,Clawed/Binaries/Win64,api-ms-win-core-string-l1-1-0.dll,.dll,43392,2026-08-13T19:44:21.091Z,a1754b194b6e8747525998a85f9bad49f6eb3d2863c902a5d4653b0b61959983,runtime_library,Runtime dependency mapping and diagnostics; do not overwrite unknown runtime DLLs
physical,Clawed/Binaries/Win64/api-ms-win-core-synch-l1-1-0.dll,C:\Program Files (x86)\Steam\steamapps\common\Clawed\Clawed\Binaries\Win64\api-ms-win-core-synch-l1-1-0.dll,Clawed/Binaries/Win64,api-ms-win-core-synch-l1-1-0.dll,.dll,43408,2026-08-13T19:44:20.594Z,749150548217528368d37930848b8941550eb72fbd41d5988acff6ff7d7d4469,runtime_library,Runtime dependency mapping and diagnostics; do not overwrite unknown runtime DLLs
physical,Clawed/Binaries/Win64/api-ms-win-core-synch-l1-2-0.dll,C:\Program Files (x86)\Steam\steamapps\common\Clawed\Clawed\Binaries\Win64\api-ms-win-core-synch-l1-2-0.dll,Clawed/Binaries/Win64,api-ms-win-core-synch-l1-2-0.dll,.dll,43408,2026-08-13T19:44:14.006Z,84b3b32d897d404635ef901f341dd11f76c9f13553089d3bbe144d500a062f8c,runtime_library,Runtime dependency mapping and diagnostics; do not overwrite unknown runtime DLLs
physical,Clawed/Binaries/Win64/api-ms-win-core-sysinfo-l1-1-0.dll,C:\Program Files (x86)\Steam\steamapps\common\Clawed\Clawed\Binaries\Win64\api-ms-win-core-sysinfo-l1-1-0.dll,Clawed/Binaries/Win64,api-ms-win-core-sysinfo-l1-1-0.dll,.dll,43392,2026-08-13T19:44:16.950Z,fb963245cfd4d5597f95e749227b7a5d7755b9ebe60dc514d61510585889372d,runtime_library,Runtime dependency mapping and diagnostics; do not overwrite unknown runtime DLLs
physical,Clawed/Binaries/Win64/api-ms-win-core-timezone-l1-1-0.dll,C:\Program Files (x86)\Steam\steamapps\common\Clawed\Clawed\Binaries\Win64\api-ms-win-core-timezone-l1-1-0.dll,Clawed/Binaries/Win64,api-ms-win-core-timezone-l1-1-0.dll,.dll,43392,2026-08-13T19:44:19.501Z,1d1ce71126ecbc707a6e5813bdb578412bf759f29882332d23cca4d43159a925,runtime_library,Runtime dependency mapping and diagnostics; do not overwrite unknown runtime DLLs
physical,Clawed/Binaries/Win64/api-ms-win-core-util-l1-1-0.dll,C:\Program Files (x86)\Steam\steamapps\common\Clawed\Clawed\Binaries\Win64\api-ms-win-core-util-l1-1-0.dll,Clawed/Binaries/Win64,api-ms-win-core-util-l1-1-0.dll,.dll,43408,2026-08-13T19:44:21.204Z,86d1c81789d7c81dfcb8d96198f57ac1120e9dff8464b89222a4960893a3ea5a,runtime_library,Runtime dependency mapping and diagnostics; do not overwrite unknown runtime DLLs
physical,Clawed/Binaries/Win64/api-ms-win-crt-conio-l1-1-0.dll,C:\Program Files (x86)\Steam\steamapps\common\Clawed\Clawed\Binaries\Win64\api-ms-win-crt-conio-l1-1-0.dll,Clawed/Binaries/Win64,api-ms-win-crt-conio-l1-1-0.dll,.dll,43400,2026-08-13T19:44:15.437Z,db025c2757accfc3fc8d53c50bfd3ab5cae33545c9d6eaed0dcda3c0d3a1d9b2,runtime_library,Runtime dependency mapping and diagnostics; do not overwrite unknown runtime DLLs
physical,Clawed/Binaries/Win64/api-ms-win-crt-convert-l1-1-0.dll,C:\Program Files (x86)\Steam\steamapps\common\Clawed\Clawed\Binaries\Win64\api-ms-win-crt-convert-l1-1-0.dll,Clawed/Binaries/Win64,api-ms-win-crt-convert-l1-1-0.dll,.dll,47496,2026-08-13T19:44:18.936Z,39a9ddbbf8652aca62469872918b71f31132e0a2c33063165e9302b022a5782b,runtime_library,Runtime dependency mapping and diagnostics; do not overwrite unknown runtime DLLs
physical,Clawed/Binaries/Win64/api-ms-win-crt-environment-l1-1-0.dll,C:\Program Files (x86)\Steam\steamapps\common\Clawed\Clawed\Binaries\Win64\api-ms-win-crt-environment-l1-1-0.dll,Clawed/Binaries/Win64,api-ms-win-crt-environment-l1-1-0.dll,.dll,43400,2026-08-13T19:44:20.374Z,e8b675b866a53216fcfd73bc73d81d0256f87b028bdf5b02f7091ab87f78d010,runtime_library,Runtime dependency mapping and diagnostics; do not overwrite unknown runtime DLLs
physical,Clawed/Binaries/Win64/api-ms-win-crt-filesystem-l1-1-0.dll,C:\Program Files (x86)\Steam\steamapps\common\Clawed\Clawed\Binaries\Win64\api-ms-win-crt-filesystem-l1-1-0.dll,Clawed/Binaries/Win64,api-ms-win-crt-filesystem-l1-1-0.dll,.dll,43400,2026-08-13T19:44:19.906Z,4a1f6e6a5ee67aa05c8bfb0f2d2f626bca876f09a7c10ef0cd0cd49916c88e47,runtime_library,Runtime dependency mapping and diagnostics; do not overwrite unknown runtime DLLs
physical,Clawed/Binaries/Win64/api-ms-win-crt-heap-l1-1-0.dll,C:\Program Files (x86)\Steam\steamapps\common\Clawed\Clawed\Binaries\Win64\api-ms-win-crt-heap-l1-1-0.dll,Clawed/Binaries/Win64,api-ms-win-crt-heap-l1-1-0.dll,.dll,43416,2026-08-13T19:44:13.936Z,895cef6032142023dd12c24009d0ded363694075b7345754055e14bfbe77ac3e,runtime_library,Runtime dependency mapping and diagnostics; do not overwrite unknown runtime DLLs
physical,Clawed/Binaries/Win64/api-ms-win-crt-locale-l1-1-0.dll,C:\Program Files (x86)\Steam\steamapps\common\Clawed\Clawed\Binaries\Win64\api-ms-win-crt-locale-l1-1-0.dll,Clawed/Binaries/Win64,api-ms-win-crt-locale-l1-1-0.dll,.dll,43408,2026-08-13T19:44:19.162Z,2210dc529792a787562ab823fa32377988ffe125b71122c9f780c0b13f96dc0d,runtime_library,Runtime dependency mapping and diagnostics; do not overwrite unknown runtime DLLs
physical,Clawed/Binaries/Win64/api-ms-win-crt-math-l1-1-0.dll,C:\Program Files (x86)\Steam\steamapps\common\Clawed\Clawed\Binaries\Win64\api-ms-win-crt-math-l1-1-0.dll,Clawed/Binaries/Win64,api-ms-win-crt-math-l1-1-0.dll,.dll,51600,2026-08-13T19:44:15.466Z,074d6fae9588f8e04dbbdf31d151c8cb681967d5d751535943e257fa5adcb6c0,runtime_library,Runtime dependency mapping and diagnostics; do not overwrite unknown runtime DLLs
physical,Clawed/Binaries/Win64/api-ms-win-crt-multibyte-l1-1-0.dll,C:\Program Files (x86)\Steam\steamapps\common\Clawed\Clawed\Binaries\Win64\api-ms-win-crt-multibyte-l1-1-0.dll,Clawed/Binaries/Win64,api-ms-win-crt-multibyte-l1-1-0.dll,.dll,51600,2026-08-13T19:44:21.352Z,7873e6a6a4cb99367da3c7a87df37bc5d7cfae22cccbbb42f7a5aef0295d37d5,runtime_library,Runtime dependency mapping and diagnostics; do not overwrite unknown runtime DLLs
physical,Clawed/Binaries/Win64/api-ms-win-crt-private-l1-1-0.dll,C:\Program Files (x86)\Steam\steamapps\common\Clawed\Clawed\Binaries\Win64\api-ms-win-crt-private-l1-1-0.dll,Clawed/Binaries/Win64,api-ms-win-crt-private-l1-1-0.dll,.dll,96640,2026-08-13T19:44:20.247Z,0b9f31c7b6803cfa67f42a097450bdba7dd608fc0c3d4797af6834a909c3288a,runtime_library,Runtime dependency mapping and diagnostics; do not overwrite unknown runtime DLLs
physical,Clawed/Binaries/Win64/api-ms-win-crt-process-l1-1-0.dll,C:\Program Files (x86)\Steam\steamapps\common\Clawed\Clawed\Binaries\Win64\api-ms-win-crt-process-l1-1-0.dll,Clawed/Binaries/Win64,api-ms-win-crt-process-l1-1-0.dll,.dll,43408,2026-08-13T19:44:21.347Z,8d475626e15d56ea6f0927dfab5ed15086a30d807eb64b730b74366ae61fabb7,runtime_library,Runtime dependency mapping and diagnostics; do not overwrite unknown runtime DLLs
physical,Clawed/Binaries/Win64/api-ms-win-crt-runtime-l1-1-0.dll,C:\Program Files (x86)\Steam\steamapps\common\Clawed\Clawed\Binaries\Win64\api-ms-win-crt-runtime-l1-1-0.dll,Clawed/Binaries/Win64,api-ms-win-crt-runtime-l1-1-0.dll,.dll,47488,2026-08-13T19:44:21.334Z,d8538c22bd448ce8286a77974b3cbfa37d4743d97a7b0021b46bbd9cb8f1286e,runtime_library,Runtime dependency mapping and diagnostics; do not overwrite unknown runtime DLLs
physical,Clawed/Binaries/Win64/api-ms-win-crt-stdio-l1-1-0.dll,C:\Program Files (x86)\Steam\steamapps\common\Clawed\Clawed\Binaries\Win64\api-ms-win-crt-stdio-l1-1-0.dll,Clawed/Binaries/Win64,api-ms-win-crt-stdio-l1-1-0.dll,.dll,47496,2026-08-13T19:44:14.015Z,476f298b59bca2ebeccda071392c96dbee61e146bdc37f341a26e26a2b6b1bd2,runtime_library,Runtime dependency mapping and diagnostics; do not overwrite unknown runtime DLLs
physical,Clawed/Binaries/Win64/api-ms-win-crt-string-l1-1-0.dll,C:\Program Files (x86)\Steam\steamapps\common\Clawed\Clawed\Binaries\Win64\api-ms-win-crt-string-l1-1-0.dll,Clawed/Binaries/Win64,api-ms-win-crt-string-l1-1-0.dll,.dll,47496,2026-08-13T19:44:19.892Z,e4752ab8494b7ff553c37172dcf6dd6f09589c68103de0728f526c82a381c040,runtime_library,Runtime dependency mapping and diagnostics; do not overwrite unknown runtime DLLs
physical,Clawed/Binaries/Win64/api-ms-win-crt-time-l1-1-0.dll,C:\Program Files (x86)\Steam\steamapps\common\Clawed\Clawed\Binaries\Win64\api-ms-win-crt-time-l1-1-0.dll,Clawed/Binaries/Win64,api-ms-win-crt-time-l1-1-0.dll,.dll,43392,2026-08-13T19:44:20.601Z,61a57c1ff36f06d5b26f28a02e7ec7d78998515adde737ded68c5f48909cbacb,runtime_library,Runtime dependency mapping and diagnostics; do not overwrite unknown runtime DLLs
physical,Clawed/Binaries/Win64/api-ms-win-crt-utility-l1-1-0.dll,C:\Program Files (x86)\Steam\steamapps\common\Clawed\Clawed\Binaries\Win64\api-ms-win-crt-utility-l1-1-0.dll,Clawed/Binaries/Win64,api-ms-win-crt-utility-l1-1-0.dll,.dll,43408,2026-08-13T19:44:14.092Z,70243785ef2c7445686e097a2d95c00272fa8329e01ad0e36e608365b85239fd,runtime_library,Runtime dependency mapping and diagnostics; do not overwrite unknown runtime DLLs
physical,Clawed/Binaries/Win64/boost_atomic-mt-x64.dll,C:\Program Files (x86)\Steam\steamapps\common\Clawed\Clawed\Binaries\Win64\boost_atomic-mt-x64.dll,Clawed/Binaries/Win64,boost_atomic-mt-x64.dll,.dll,38680,2026-08-13T19:37:39.480Z,cf73a8e2e8c23f2c4f32c24dd1fe989b34e0ea98d86be894f176afc9793d64a1,runtime_library,Runtime dependency mapping and diagnostics; do not overwrite unknown runtime DLLs
physical,Clawed/Binaries/Win64/boost_chrono-mt-x64.dll,C:\Program Files (x86)\Steam\steamapps\common\Clawed\Clawed\Binaries\Win64\boost_chrono-mt-x64.dll,Clawed/Binaries/Win64,boost_chrono-mt-x64.dll,.dll,56600,2026-08-13T19:37:39.578Z,c01e005151cc07bd401914716549b8aece73dac2d39d82b56421447b2fdfefff,runtime_library,Runtime dependency mapping and diagnostics; do not overwrite unknown runtime DLLs
physical,Clawed/Binaries/Win64/boost_filesystem-mt-x64.dll,C:\Program Files (x86)\Steam\steamapps\common\Clawed\Clawed\Binaries\Win64\boost_filesystem-mt-x64.dll,Clawed/Binaries/Win64,boost_filesystem-mt-x64.dll,.dll,161560,2026-08-13T19:37:39.522Z,0b5a6f3855776356d7888596026a2a87f9c488e454ee3900126259586ede1180,runtime_library,Runtime dependency mapping and diagnostics; do not overwrite unknown runtime DLLs
physical,Clawed/Binaries/Win64/boost_iostreams-mt-x64.dll,C:\Program Files (x86)\Steam\steamapps\common\Clawed\Clawed\Binaries\Win64\boost_iostreams-mt-x64.dll,Clawed/Binaries/Win64,boost_iostreams-mt-x64.dll,.dll,69912,2026-08-13T19:37:39.478Z,639e5f18dac1586b8c943ba8e5b6b277bc98d6414fd6c1267382645d87722f3b,runtime_library,Runtime dependency mapping and diagnostics; do not overwrite unknown runtime DLLs
physical,Clawed/Binaries/Win64/boost_program_options-mt-x64.dll,C:\Program Files (x86)\Steam\steamapps\common\Clawed\Clawed\Binaries\Win64\boost_program_options-mt-x64.dll,Clawed/Binaries/Win64,boost_program_options-mt-x64.dll,.dll,372504,2026-08-13T19:37:38.816Z,0749cd456b538eaaf1ec88d0d4523c35247090feadbe13bf082de9f2fdc1883e,runtime_library,Runtime dependency mapping and diagnostics; do not overwrite unknown runtime DLLs
physical,Clawed/Binaries/Win64/boost_python311-mt-x64.dll,C:\Program Files (x86)\Steam\steamapps\common\Clawed\Clawed\Binaries\Win64\boost_python311-mt-x64.dll,Clawed/Binaries/Win64,boost_python311-mt-x64.dll,.dll,213784,2026-08-13T19:37:39.536Z,eeb7c7a31c65f2cb7d11a807eaf74bc55282c479edc9719fd844d9f4a44f1934,runtime_library,Runtime dependency mapping and diagnostics; do not overwrite unknown runtime DLLs
physical,Clawed/Binaries/Win64/boost_regex-mt-x64.dll,C:\Program Files (x86)\Steam\steamapps\common\Clawed\Clawed\Binaries\Win64\boost_regex-mt-x64.dll,Clawed/Binaries/Win64,boost_regex-mt-x64.dll,.dll,255768,2026-08-13T19:37:39.543Z,8c9c759c20e3859b74a0e3fa06fb2ebf38ed9ca85425410f041552722794a078,runtime_library,Runtime dependency mapping and diagnostics; do not overwrite unknown runtime DLLs
physical,Clawed/Binaries/Win64/boost_system-mt-x64.dll,C:\Program Files (x86)\Steam\steamapps\common\Clawed\Clawed\Binaries\Win64\boost_system-mt-x64.dll,Clawed/Binaries/Win64,boost_system-mt-x64.dll,.dll,30992,2026-08-13T19:37:39.568Z,2672ae7a2e95c165c07d8ef6cc4540ba23711addb1d0b33ef9efba834be11f66,runtime_library,Runtime dependency mapping and diagnostics; do not overwrite unknown runtime DLLs
physical,Clawed/Binaries/Win64/boost_thread-mt-x64.dll,C:\Program Files (x86)\Steam\steamapps\common\Clawed\Clawed\Binaries\Win64\boost_thread-mt-x64.dll,Clawed/Binaries/Win64,boost_thread-mt-x64.dll,.dll,95512,2026-08-13T19:37:39.646Z,7652e87121fa20a1e1c118e9a2d3480f94db4fdb0694000b04ac5d14fb0d05c6,runtime_library,Runtime dependency mapping and diagnostics; do not overwrite unknown runtime DLLs
physical,Clawed/Binaries/Win64/Clawed-Win64-Shipping.exe,C:\Program Files (x86)\Steam\steamapps\common\Clawed\Clawed\Binaries\Win64\Clawed-Win64-Shipping.exe,Clawed/Binaries/Win64,Clawed-Win64-Shipping.exe,.exe,173770752,2026-08-13T19:37:38.817Z,8e4034ce6af78f52595101e402d063a50bea23d88d6bf8a599c551cd11361aac,shipping_executable; ue4ss_runtime_target,UE4SS Lua/runtime mods deploy manager-owned proxy/runtime files to this directory; Fingerprint and runtime compatibility target only; do not patch executable
physical,Clawed/Binaries/Win64/concrt140.dll,C:\Program Files (x86)\Steam\steamapps\common\Clawed\Clawed\Binaries\Win64\concrt140.dll,Clawed/Binaries/Win64,concrt140.dll,.dll,343816,2026-08-13T19:37:38.818Z,9d10c75109158a5d0e74a1fa904aed34da4caab29a0eea478d30d449d2e13e44,runtime_library,Runtime dependency mapping and diagnostics; do not overwrite unknown runtime DLLs
physical,Clawed/Binaries/Win64/D3D12/D3D12Core.dll,C:\Program Files (x86)\Steam\steamapps\common\Clawed\Clawed\Binaries\Win64\D3D12\D3D12Core.dll,Clawed/Binaries/Win64/D3D12,D3D12Core.dll,.dll,3355456,2026-08-13T19:37:38.818Z,b32ff10fe40c8d6384fa8cb4337db7ba95917c0547596986148dfe5fd306ca28,runtime_library,Runtime dependency mapping and diagnostics; do not overwrite unknown runtime DLLs
physical,Clawed/Binaries/Win64/D3D12/d3d12SDKLayers.dll,C:\Program Files (x86)\Steam\steamapps\common\Clawed\Clawed\Binaries\Win64\D3D12\d3d12SDKLayers.dll,Clawed/Binaries/Win64/D3D12,d3d12SDKLayers.dll,.dll,5794624,2026-08-13T19:37:38.818Z,2650209345c56777783a5cff7ebfd5450d73c643f45d4ddadfb5e46a5293feac,runtime_library,Runtime dependency mapping and diagnostics; do not overwrite unknown runtime DLLs
physical,Clawed/Binaries/Win64/DML/DirectML.dll,C:\Program Files (x86)\Steam\steamapps\common\Clawed\Clawed\Binaries\Win64\DML\DirectML.dll,Clawed/Binaries/Win64/DML,DirectML.dll,.dll,14042432,2026-08-13T19:37:38.819Z,e51e77794bf1dff3007a804de26fec2813413ea4ce14bf894cf52fa1b8863d0e,runtime_library,Runtime dependency mapping and diagnostics; do not overwrite unknown runtime DLLs
physical,Clawed/Binaries/Win64/msvcp140_1.dll,C:\Program Files (x86)\Steam\steamapps\common\Clawed\Clawed\Binaries\Win64\msvcp140_1.dll,Clawed/Binaries/Win64,msvcp140_1.dll,.dll,57072,2026-08-13T19:44:14.615Z,09b37de777185c6261a1c8351eb25840ca314079f606ba3b7f50a3a8e56fc8d2,runtime_library,Runtime dependency mapping and diagnostics; do not overwrite unknown runtime DLLs
physical,Clawed/Binaries/Win64/msvcp140_2.dll,C:\Program Files (x86)\Steam\steamapps\common\Clawed\Clawed\Binaries\Win64\msvcp140_2.dll,Clawed/Binaries/Win64,msvcp140_2.dll,.dll,290136,2026-08-13T19:37:38.820Z,3ef4f03f1bbe40d0b35a3c76db110706a5d428689b17447e9241992e54e36d2a,runtime_library,Runtime dependency mapping and diagnostics; do not overwrite unknown runtime DLLs
physical,Clawed/Binaries/Win64/msvcp140_atomic_wait.dll,C:\Program Files (x86)\Steam\steamapps\common\Clawed\Clawed\Binaries\Win64\msvcp140_atomic_wait.dll,Clawed/Binaries/Win64,msvcp140_atomic_wait.dll,.dll,71920,2026-08-13T19:44:14.101Z,8bb6e7ebe034b293e8c01a3a4216d09eb4a5daaf6a552c559d4546187f7eebed,runtime_library,Runtime dependency mapping and diagnostics; do not overwrite unknown runtime DLLs
physical,Clawed/Binaries/Win64/msvcp140_codecvt_ids.dll,C:\Program Files (x86)\Steam\steamapps\common\Clawed\Clawed\Binaries\Win64\msvcp140_codecvt_ids.dll,Clawed/Binaries/Win64,msvcp140_codecvt_ids.dll,.dll,53000,2026-08-13T19:44:15.756Z,db68514053ae9a5ee9dd3ed7f8106d4d874f49f4ff826d5e0e3b787eeffda04a,runtime_library,Runtime dependency mapping and diagnostics; do not overwrite unknown runtime DLLs
physical,Clawed/Binaries/Win64/msvcp140.dll,C:\Program Files (x86)\Steam\steamapps\common\Clawed\Clawed\Binaries\Win64\msvcp140.dll,Clawed/Binaries/Win64,msvcp140.dll,.dll,596312,2026-08-13T19:37:38.820Z,7343e20d390d9972ffa6c55b35676a4e57e7c28c7279ff25389b4adf8c8abc9f,runtime_library,Runtime dependency mapping and diagnostics; do not overwrite unknown runtime DLLs
physical,Clawed/Binaries/Win64/tbb.dll,C:\Program Files (x86)\Steam\steamapps\common\Clawed\Clawed\Binaries\Win64\tbb.dll,Clawed/Binaries/Win64,tbb.dll,.dll,234768,2026-08-13T19:37:40.995Z,35863379302909cc4c6cc73c388a1d23bc7f5fa668e439dac2264327a4fc41d6,runtime_library,Runtime dependency mapping and diagnostics; do not overwrite unknown runtime DLLs
physical,Clawed/Binaries/Win64/tbbmalloc.dll,C:\Program Files (x86)\Steam\steamapps\common\Clawed\Clawed\Binaries\Win64\tbbmalloc.dll,Clawed/Binaries/Win64,tbbmalloc.dll,.dll,76560,2026-08-13T19:37:40.705Z,65fc3984517eed2b0758b4d6c6319e2da9dcf7dac1192b793ad04713ceca8fa5,runtime_library,Runtime dependency mapping and diagnostics; do not overwrite unknown runtime DLLs
physical,Clawed/Binaries/Win64/ucrtbase.dll,C:\Program Files (x86)\Steam\steamapps\common\Clawed\Clawed\Binaries\Win64\ucrtbase.dll,Clawed/Binaries/Win64,ucrtbase.dll,.dll,1145224,2026-08-13T19:37:38.820Z,0898f8fe45ce219f4d2528e82014781aea4592ac528199b233c677d78a370b2f,runtime_library,Runtime dependency mapping and diagnostics; do not overwrite unknown runtime DLLs
physical,Clawed/Binaries/Win64/vccorlib140.dll,C:\Program Files (x86)\Steam\steamapps\common\Clawed\Clawed\Binaries\Win64\vccorlib140.dll,Clawed/Binaries/Win64,vccorlib140.dll,.dll,373080,2026-08-13T19:37:38.821Z,0d0e649f2550233dd22953c2522e7d291fe3261c8a7f1502b1bfa6e42bd7b743,runtime_library,Runtime dependency mapping and diagnostics; do not overwrite unknown runtime DLLs
physical,Clawed/Binaries/Win64/vcruntime140_1.dll,C:\Program Files (x86)\Steam\steamapps\common\Clawed\Clawed\Binaries\Win64\vcruntime140_1.dll,Clawed/Binaries/Win64,vcruntime140_1.dll,.dll,70896,2026-08-13T19:44:21.151Z,b62bd35fdbfc16e493849de918f90977c6104858168086489a1f9d36c78768cc,runtime_library,Runtime dependency mapping and diagnostics; do not overwrite unknown runtime DLLs
physical,Clawed/Binaries/Win64/vcruntime140_threads.dll,C:\Program Files (x86)\Steam\steamapps\common\Clawed\Clawed\Binaries\Win64\vcruntime140_threads.dll,Clawed/Binaries/Win64,vcruntime140_threads.dll,.dll,59768,2026-08-13T19:44:21.159Z,2fda397533ab69224f992dac79732eb801868d2fc41a2df4e6193e82a9b61bb9,runtime_library,Runtime dependency mapping and diagnostics; do not overwrite unknown runtime DLLs
physical,Clawed/Binaries/Win64/vcruntime140.dll,C:\Program Files (x86)\Steam\steamapps\common\Clawed\Clawed\Binaries\Win64\vcruntime140.dll,Clawed/Binaries/Win64,vcruntime140.dll,.dll,141144,2026-08-13T19:44:21.358Z,5c93f65e672a0eb3c2d0a3337a87fcb1f6b8d4d0ebc3901ab9d42b8e3a918b24,runtime_library,Runtime dependency mapping and diagnostics; do not overwrite unknown runtime DLLs
physical,Clawed/Binaries/Win64/X3DAudio1_7.dll,C:\Program Files (x86)\Steam\steamapps\common\Clawed\Clawed\Binaries\Win64\X3DAudio1_7.dll,Clawed/Binaries/Win64,X3DAudio1_7.dll,.dll,46200,2026-08-13T19:44:05.473Z,5c005b4e0d88d15a5e1a5fe0fa27683d2bf9b809e1bbdf5bc4e4169613563c41,runtime_library,Runtime dependency mapping and diagnostics; do not overwrite unknown runtime DLLs
physical,Clawed/Binaries/Win64/XAPOFX1_5.dll,C:\Program Files (x86)\Steam\steamapps\common\Clawed\Clawed\Binaries\Win64\XAPOFX1_5.dll,Clawed/Binaries/Win64,XAPOFX1_5.dll,.dll,98936,2026-08-13T19:44:20.413Z,a7e7b39c056efed0ddda116b4efbed9bc8f34f6bd31b21edfa38235d7916f0a2,runtime_library,Runtime dependency mapping and diagnostics; do not overwrite unknown runtime DLLs
physical,Clawed/Binaries/Win64/XAudio2_7.dll,C:\Program Files (x86)\Steam\steamapps\common\Clawed\Clawed\Binaries\Win64\XAudio2_7.dll,Clawed/Binaries/Win64,XAudio2_7.dll,.dll,539768,2026-08-13T19:37:38.821Z,f46dc4c8180216fb138bc4b982aae915bca6a4f89fa3f3c8054943c26cd85f99,runtime_library,Runtime dependency mapping and diagnostics; do not overwrite unknown runtime DLLs
physical,Clawed/Binaries/Win64/xinput1_3.dll,C:\Program Files (x86)\Steam\steamapps\common\Clawed\Clawed\Binaries\Win64\xinput1_3.dll,Clawed/Binaries/Win64,xinput1_3.dll,.dll,128640,2026-08-13T19:44:21.190Z,b69d732b24bc70e6fcd2716612ab9153af78168e0a1817f233a99db72ce9bac7,runtime_library,Runtime dependency mapping and diagnostics; do not overwrite unknown runtime DLLs
physical,Clawed/Content/Movies/Clawed - Official Gameplay Trailer.mp4,C:\Program Files (x86)\Steam\steamapps\common\Clawed\Clawed\Content\Movies\Clawed - Official Gameplay Trailer.mp4,Clawed/Content/Movies,Clawed - Official Gameplay Trailer.mp4,.mp4,171513524,2026-08-13T19:37:38.824Z,dc70a1813eb6cbbf8a90bdec29290f4b8a74cb39a502b0f3bd5063b5122d881e,movie_video,"Intro, ending, trailer, and cutscene replacement mods"
physical,Clawed/Content/Movies/Clawed_Endgame_Scene.mp4,C:\Program Files (x86)\Steam\steamapps\common\Clawed\Clawed\Content\Movies\Clawed_Endgame_Scene.mp4,Clawed/Content/Movies,Clawed_Endgame_Scene.mp4,.mp4,591431849,2026-08-13T19:37:38.887Z,4cb1788ffda4d634bf41534f100d58543c636e10d5ca4af58c2a90d11c5638a8,movie_video,"Intro, ending, trailer, and cutscene replacement mods"
physical,Clawed/Content/Movies/Clawed_Ocean_Intro.mp4,C:\Program Files (x86)\Steam\steamapps\common\Clawed\Clawed\Content\Movies\Clawed_Ocean_Intro.mp4,Clawed/Content/Movies,Clawed_Ocean_Intro.mp4,.mp4,271828590,2026-08-13T19:37:38.905Z,9ddae15d18d75a3bfd9e012d453e8aa6bac878f4555ab204170bb71346addc36,movie_video,"Intro, ending, trailer, and cutscene replacement mods"
physical,Clawed/Content/Movies/ClawedIntro_V1.mp4,C:\Program Files (x86)\Steam\steamapps\common\Clawed\Clawed\Content\Movies\ClawedIntro_V1.mp4,Clawed/Content/Movies,ClawedIntro_V1.mp4,.mp4,273426568,2026-08-13T19:37:38.830Z,247287c3c7ab94652b7a3ada0ff387a0cee25659d6d826c9d34e1651b2601720,movie_video,"Intro, ending, trailer, and cutscene replacement mods"
physical,Clawed/Content/Movies/ClawedOpening(1).mp4,C:\Program Files (x86)\Steam\steamapps\common\Clawed\Clawed\Content\Movies\ClawedOpening(1).mp4,Clawed/Content/Movies,ClawedOpening(1).mp4,.mp4,271828590,2026-08-13T19:37:38.867Z,9ddae15d18d75a3bfd9e012d453e8aa6bac878f4555ab204170bb71346addc36,movie_video,"Intro, ending, trailer, and cutscene replacement mods"
physical,Clawed/Content/Movies/ClawedOpening(5).mp4,C:\Program Files (x86)\Steam\steamapps\common\Clawed\Clawed\Content\Movies\ClawedOpening(5).mp4,Clawed/Content/Movies,ClawedOpening(5).mp4,.mp4,627419305,2026-08-13T19:37:38.885Z,2dc9231a33f679a71602e0756459ca7171aa77ecb280b507b2fd9f852c729858,movie_video,"Intro, ending, trailer, and cutscene replacement mods"
physical,Clawed/Content/Movies/desktop.ini,C:\Program Files (x86)\Steam\steamapps\common\Clawed\Clawed\Content\Movies\desktop.ini,Clawed/Content/Movies,desktop.ini,.ini,60,2026-08-13T19:39:34.167Z,dfbe06ca725d0f1ec7bb97c44f67b98bf9c572f0031233f9d6ea383fc3242bd2,,Inventory and fingerprinting reference
physical,Clawed/Content/Paks/Clawed-Windows.pak,C:\Program Files (x86)\Steam\steamapps\common\Clawed\Clawed\Content\Paks\Clawed-Windows.pak,Clawed/Content/Paks,Clawed-Windows.pak,.pak,35398880,2026-08-13T19:37:38.906Z,1b853ecf3e4db5ef3ddf0a53a59c89a75aaebb2a52414fbc85ef868e786b26db,content_container; pak_iostore_mod_target,"Pak/IoStore asset override mods; CMM stages manager-owned patch containers beside these, never edits originals"
physical,Clawed/Content/Paks/Clawed-Windows.ucas,C:\Program Files (x86)\Steam\steamapps\common\Clawed\Clawed\Content\Paks\Clawed-Windows.ucas,Clawed/Content/Paks,Clawed-Windows.ucas,.ucas,14981666992,2026-08-13T19:37:38.915Z,f0edffa5466aaf66a52b43848e36e1a1a8daaadb51484a21e60a3c4150cac6ed,content_container; pak_iostore_mod_target,"Pak/IoStore asset override mods; CMM stages manager-owned patch containers beside these, never edits originals"
physical,Clawed/Content/Paks/Clawed-Windows.utoc,C:\Program Files (x86)\Steam\steamapps\common\Clawed\Clawed\Content\Paks\Clawed-Windows.utoc,Clawed/Content/Paks,Clawed-Windows.utoc,.utoc,9564556,2026-08-13T19:37:38.916Z,7cb1f57c417eb86e8f44d86d685ec84c965906e487db264846b0ec7859bd2a38,content_container; pak_iostore_mod_target,"Pak/IoStore asset override mods; CMM stages manager-owned patch containers beside these, never edits originals"
physical,Clawed/Content/Paks/global.ucas,C:\Program Files (x86)\Steam\steamapps\common\Clawed\Clawed\Content\Paks\global.ucas,Clawed/Content/Paks,global.ucas,.ucas,2889120,2026-08-13T19:37:38.916Z,bcef25d8eb0af563a320f54b77147c3f7ef892fd0b44d69f2b8212f8c4efc8f9,content_container; pak_iostore_mod_target,"Pak/IoStore asset override mods; CMM stages manager-owned patch containers beside these, never edits originals"
physical,Clawed/Content/Paks/global.utoc,C:\Program Files (x86)\Steam\steamapps\common\Clawed\Clawed\Content\Paks\global.utoc,Clawed/Content/Paks,global.utoc,.utoc,734,2026-08-13T19:44:05.382Z,f3ce64ab7bc79fbcb14475083d3073cab04fe13b31ac7b155cc4a7804e8198fc,content_container; pak_iostore_mod_target,"Pak/IoStore asset override mods; CMM stages manager-owned patch containers beside these, never edits originals"
physical,Engine/Binaries/ThirdParty/DbgHelp/dbghelp.dll,C:\Program Files (x86)\Steam\steamapps\common\Clawed\Engine\Binaries\ThirdParty\DbgHelp\dbghelp.dll,Engine/Binaries/ThirdParty/DbgHelp,dbghelp.dll,.dll,2243256,2026-08-13T19:37:38.918Z,504994f2347a270d536544176a1499b672e32f3036c0925db0eba667f9c2e2c7,,Inventory and fingerprinting reference
physical,Engine/Binaries/ThirdParty/MsQuic/v220/win64/msquic.dll,C:\Program Files (x86)\Steam\steamapps\common\Clawed\Engine\Binaries\ThirdParty\MsQuic\v220\win64\msquic.dll,Engine/Binaries/ThirdParty/MsQuic/v220/win64,msquic.dll,.dll,2557648,2026-08-13T19:37:38.919Z,22e104a400b95cfa9f669e7ec80f4e7bb4647eb535b4a3974a41b40c39cf7c7f,,Inventory and fingerprinting reference
physical,Engine/Binaries/ThirdParty/NVIDIA/NVaftermath/Win64/GFSDK_Aftermath_Lib.x64.dll,C:\Program Files (x86)\Steam\steamapps\common\Clawed\Engine\Binaries\ThirdParty\NVIDIA\NVaftermath\Win64\GFSDK_Aftermath_Lib.x64.dll,Engine/Binaries/ThirdParty/NVIDIA/NVaftermath/Win64,GFSDK_Aftermath_Lib.x64.dll,.dll,5453160,2026-08-13T19:37:38.920Z,248a568317bd54a0e420218ffa3cbd742911d78b71de48264f2c69886a0d6869,,Inventory and fingerprinting reference
physical,Engine/Binaries/ThirdParty/Ogg/Win64/VS2015/libogg_64.dll,C:\Program Files (x86)\Steam\steamapps\common\Clawed\Engine\Binaries\ThirdParty\Ogg\Win64\VS2015\libogg_64.dll,Engine/Binaries/ThirdParty/Ogg/Win64/VS2015,libogg_64.dll,.dll,70424,2026-08-13T19:44:21.299Z,9f0c4c20e2b20b56ff9454efa6fa61d5aeb32b57d0be87c7cf4a34194f58120f,,Inventory and fingerprinting reference
physical,Engine/Binaries/ThirdParty/Steamworks/Steamv157/Win64/steam_api64.dll,C:\Program Files (x86)\Steam\steamapps\common\Clawed\Engine\Binaries\ThirdParty\Steamworks\Steamv157\Win64\steam_api64.dll,Engine/Binaries/ThirdParty/Steamworks/Steamv157/Win64,steam_api64.dll,.dll,316608,2026-08-13T19:37:38.923Z,8657fe4d3389bfb18191342a6a3f5c69d3507a0c02088e3369af7ced02133379,steam_runtime_hint,Inventory and fingerprinting reference
physical,Engine/Binaries/ThirdParty/Vorbis/Win64/VS2015/libvorbis_64.dll,C:\Program Files (x86)\Steam\steamapps\common\Clawed\Engine\Binaries\ThirdParty\Vorbis\Win64\VS2015\libvorbis_64.dll,Engine/Binaries/ThirdParty/Vorbis/Win64/VS2015,libvorbis_64.dll,.dll,1735448,2026-08-13T19:37:38.925Z,36719ad589955e0167389274397a6472cd64459e68fb0d56314db1cb136f8014,,Inventory and fingerprinting reference
physical,Engine/Binaries/ThirdParty/Vorbis/Win64/VS2015/libvorbisfile_64.dll,C:\Program Files (x86)\Steam\steamapps\common\Clawed\Engine\Binaries\ThirdParty\Vorbis\Win64\VS2015\libvorbisfile_64.dll,Engine/Binaries/ThirdParty/Vorbis/Win64/VS2015,libvorbisfile_64.dll,.dll,59160,2026-08-13T19:44:20.476Z,e2c1a90723a1d9ddf843b033309a388a7a5ae051cd235174f31230f40e1f8681,,Inventory and fingerprinting reference
physical,Engine/Binaries/ThirdParty/Windows/XAudio2_9/x64/xaudio2_9redist.dll,C:\Program Files (x86)\Steam\steamapps\common\Clawed\Engine\Binaries\ThirdParty\Windows\XAudio2_9\x64\xaudio2_9redist.dll,Engine/Binaries/ThirdParty/Windows/XAudio2_9/x64,xaudio2_9redist.dll,.dll,868720,2026-08-13T19:37:38.926Z,610be4c93193b5719014f56541e7c7c26b7eee6cde8d299222325b84bb0092fd,,Inventory and fingerprinting reference
physical,Engine/Binaries/Win64/api-ms-win-core-console-l1-1-0.dll,C:\Program Files (x86)\Steam\steamapps\common\Clawed\Engine\Binaries\Win64\api-ms-win-core-console-l1-1-0.dll,Engine/Binaries/Win64,api-ms-win-core-console-l1-1-0.dll,.dll,43408,2026-08-13T19:44:14.511Z,8c46ddd64e5c0be9ed8b91c70853499c05867c805668e7e5f3fc5aa7933fdf61,runtime_library,Runtime dependency mapping and diagnostics; do not overwrite unknown runtime DLLs
physical,Engine/Binaries/Win64/api-ms-win-core-console-l1-2-0.dll,C:\Program Files (x86)\Steam\steamapps\common\Clawed\Engine\Binaries\Win64\api-ms-win-core-console-l1-2-0.dll,Engine/Binaries/Win64,api-ms-win-core-console-l1-2-0.dll,.dll,43408,2026-08-13T19:44:14.538Z,4fe329dd00ade85f0d92d2a3ff9fdd5cc060d7755eb0b02d38939da357a947d3,runtime_library,Runtime dependency mapping and diagnostics; do not overwrite unknown runtime DLLs
physical,Engine/Binaries/Win64/api-ms-win-core-datetime-l1-1-0.dll,C:\Program Files (x86)\Steam\steamapps\common\Clawed\Engine\Binaries\Win64\api-ms-win-core-datetime-l1-1-0.dll,Engine/Binaries/Win64,api-ms-win-core-datetime-l1-1-0.dll,.dll,43392,2026-08-13T19:44:18.759Z,039d2cd2bb69447bab5628df80097b5ea060861ab8578633e1fe71d6e4fd117b,runtime_library,Runtime dependency mapping and diagnostics; do not overwrite unknown runtime DLLs
physical,Engine/Binaries/Win64/api-ms-win-core-debug-l1-1-0.dll,C:\Program Files (x86)\Steam\steamapps\common\Clawed\Engine\Binaries\Win64\api-ms-win-core-debug-l1-1-0.dll,Engine/Binaries/Win64,api-ms-win-core-debug-l1-1-0.dll,.dll,43408,2026-08-13T19:44:21.224Z,89321eef96dec5c401d073a0fa4fb56827c3834165bca9a121a17e8f4343b682,runtime_library,Runtime dependency mapping and diagnostics; do not overwrite unknown runtime DLLs
physical,Engine/Binaries/Win64/api-ms-win-core-errorhandling-l1-1-0.dll,C:\Program Files (x86)\Steam\steamapps\common\Clawed\Engine\Binaries\Win64\api-ms-win-core-errorhandling-l1-1-0.dll,Engine/Binaries/Win64,api-ms-win-core-errorhandling-l1-1-0.dll,.dll,43416,2026-08-13T19:44:05.382Z,107c2d964dd0c947c18ee0005167479bcb3a6a0156675507cc1c09c0b4c559b0,runtime_library,Runtime dependency mapping and diagnostics; do not overwrite unknown runtime DLLs
physical,Engine/Binaries/Win64/api-ms-win-core-fibers-l1-1-0.dll,C:\Program Files (x86)\Steam\steamapps\common\Clawed\Engine\Binaries\Win64\api-ms-win-core-fibers-l1-1-0.dll,Engine/Binaries/Win64,api-ms-win-core-fibers-l1-1-0.dll,.dll,43408,2026-08-13T19:44:20.585Z,ba49050905727511803d9c3b2ffc90a1f1ba0f198c0c3b1ce9c317aec2ccb4e6,runtime_library,Runtime dependency mapping and diagnostics; do not overwrite unknown runtime DLLs
physical,Engine/Binaries/Win64/api-ms-win-core-file-l1-1-0.dll,C:\Program Files (x86)\Steam\steamapps\common\Clawed\Engine\Binaries\Win64\api-ms-win-core-file-l1-1-0.dll,Engine/Binaries/Win64,api-ms-win-core-file-l1-1-0.dll,.dll,47504,2026-08-13T19:44:19.835Z,93bedb8a552ec848009fdd29d7669da6d4ffacce62646babf43aff79dc82986b,runtime_library,Runtime dependency mapping and diagnostics; do not overwrite unknown runtime DLLs
physical,Engine/Binaries/Win64/api-ms-win-core-file-l1-2-0.dll,C:\Program Files (x86)\Steam\steamapps\common\Clawed\Engine\Binaries\Win64\api-ms-win-core-file-l1-2-0.dll,Engine/Binaries/Win64,api-ms-win-core-file-l1-2-0.dll,.dll,43392,2026-08-13T19:44:21.087Z,fe4a1a732638703de184aca72e0ba3b389b192a32cea39c196ee69623cd5356f,runtime_library,Runtime dependency mapping and diagnostics; do not overwrite unknown runtime DLLs
physical,Engine/Binaries/Win64/api-ms-win-core-file-l2-1-0.dll,C:\Program Files (x86)\Steam\steamapps\common\Clawed\Engine\Binaries\Win64\api-ms-win-core-file-l2-1-0.dll,Engine/Binaries/Win64,api-ms-win-core-file-l2-1-0.dll,.dll,43392,2026-08-13T19:44:20.290Z,f3b06ae2bdca3723f9fedbcbc5acf58d2e25c19947ae48ad077b772d3f14aa0e,runtime_library,Runtime dependency mapping and diagnostics; do not overwrite unknown runtime DLLs
physical,Engine/Binaries/Win64/api-ms-win-core-handle-l1-1-0.dll,C:\Program Files (x86)\Steam\steamapps\common\Clawed\Engine\Binaries\Win64\api-ms-win-core-handle-l1-1-0.dll,Engine/Binaries/Win64,api-ms-win-core-handle-l1-1-0.dll,.dll,43408,2026-08-13T19:44:20.348Z,732e357f1b989339f4a53252dd59d9d8a76335c46853c940649ab694da3a2a18,runtime_library,Runtime dependency mapping and diagnostics; do not overwrite unknown runtime DLLs
physical,Engine/Binaries/Win64/api-ms-win-core-heap-l1-1-0.dll,C:\Program Files (x86)\Steam\steamapps\common\Clawed\Engine\Binaries\Win64\api-ms-win-core-heap-l1-1-0.dll,Engine/Binaries/Win64,api-ms-win-core-heap-l1-1-0.dll,.dll,43416,2026-08-13T19:44:19.047Z,fa60535a23fa21ba49f94c473963475a1f443c0defe08bbcdf692e68f8c6d27f,runtime_library,Runtime dependency mapping and diagnostics; do not overwrite unknown runtime DLLs
physical,Engine/Binaries/Win64/api-ms-win-core-interlocked-l1-1-0.dll,C:\Program Files (x86)\Steam\steamapps\common\Clawed\Engine\Binaries\Win64\api-ms-win-core-interlocked-l1-1-0.dll,Engine/Binaries/Win64,api-ms-win-core-interlocked-l1-1-0.dll,.dll,43392,2026-08-13T19:44:14.570Z,a396170ddfae22c8a5cfb3a4dc52024b8a64b0ff39f3a4588e58ba902b394159,runtime_library,Runtime dependency mapping and diagnostics; do not overwrite unknown runtime DLLs
physical,Engine/Binaries/Win64/api-ms-win-core-libraryloader-l1-1-0.dll,C:\Program Files (x86)\Steam\steamapps\common\Clawed\Engine\Binaries\Win64\api-ms-win-core-libraryloader-l1-1-0.dll,Engine/Binaries/Win64,api-ms-win-core-libraryloader-l1-1-0.dll,.dll,43408,2026-08-13T19:44:05.408Z,942929b31c8a2e00aaabba224bdc688a4d62dd5112093786bc1e72548c884eba,runtime_library,Runtime dependency mapping and diagnostics; do not overwrite unknown runtime DLLs
physical,Engine/Binaries/Win64/api-ms-win-core-localization-l1-2-0.dll,C:\Program Files (x86)\Steam\steamapps\common\Clawed\Engine\Binaries\Win64\api-ms-win-core-localization-l1-2-0.dll,Engine/Binaries/Win64,api-ms-win-core-localization-l1-2-0.dll,.dll,43408,2026-08-13T19:44:16.950Z,aa207dddf1e24e8d90891e332d3f3c00d04c405bd48f6ec6c5f7c906bf9feb15,runtime_library,Runtime dependency mapping and diagnostics; do not overwrite unknown runtime DLLs
physical,Engine/Binaries/Win64/api-ms-win-core-memory-l1-1-0.dll,C:\Program Files (x86)\Steam\steamapps\common\Clawed\Engine\Binaries\Win64\api-ms-win-core-memory-l1-1-0.dll,Engine/Binaries/Win64,api-ms-win-core-memory-l1-1-0.dll,.dll,43408,2026-08-13T19:44:14.007Z,37fb3ab8675c1cca92ec49cf0298b30a44e92671e9d099b6b73b087d5567742b,runtime_library,Runtime dependency mapping and diagnostics; do not overwrite unknown runtime DLLs
physical,Engine/Binaries/Win64/api-ms-win-core-namedpipe-l1-1-0.dll,C:\Program Files (x86)\Steam\steamapps\common\Clawed\Engine\Binaries\Win64\api-ms-win-core-namedpipe-l1-1-0.dll,Engine/Binaries/Win64,api-ms-win-core-namedpipe-l1-1-0.dll,.dll,43416,2026-08-13T19:44:19.907Z,6f58f31775a28b8bac9c9324a391f0a5f97786a1a853efa6bfb02c089bfa17e8,runtime_library,Runtime dependency mapping and diagnostics; do not overwrite unknown runtime DLLs
physical,Engine/Binaries/Win64/api-ms-win-core-processenvironment-l1-1-0.dll,C:\Program Files (x86)\Steam\steamapps\common\Clawed\Engine\Binaries\Win64\api-ms-win-core-processenvironment-l1-1-0.dll,Engine/Binaries/Win64,api-ms-win-core-processenvironment-l1-1-0.dll,.dll,43408,2026-08-13T19:44:15.445Z,0dc009ddc8a3ba2c7bbf86e44e82f56f1bd045c1c4891b6f660fc063e776221c,runtime_library,Runtime dependency mapping and diagnostics; do not overwrite unknown runtime DLLs
physical,Engine/Binaries/Win64/api-ms-win-core-processthreads-l1-1-0.dll,C:\Program Files (x86)\Steam\steamapps\common\Clawed\Engine\Binaries\Win64\api-ms-win-core-processthreads-l1-1-0.dll,Engine/Binaries/Win64,api-ms-win-core-processthreads-l1-1-0.dll,.dll,43392,2026-08-13T19:44:05.447Z,8e2ae3b0c4703b767d384cd060156a88345f880c7e53ee28a9434d80d3422e60,runtime_library,Runtime dependency mapping and diagnostics; do not overwrite unknown runtime DLLs
physical,Engine/Binaries/Win64/api-ms-win-core-processthreads-l1-1-1.dll,C:\Program Files (x86)\Steam\steamapps\common\Clawed\Engine\Binaries\Win64\api-ms-win-core-processthreads-l1-1-1.dll,Engine/Binaries/Win64,api-ms-win-core-processthreads-l1-1-1.dll,.dll,43400,2026-08-13T19:44:19.072Z,18eecfd81c27a22f60ba4bdcbe580ab96fe4e1d931ca0df1beb138d21007405c,runtime_library,Runtime dependency mapping and diagnostics; do not overwrite unknown runtime DLLs
physical,Engine/Binaries/Win64/api-ms-win-core-profile-l1-1-0.dll,C:\Program Files (x86)\Steam\steamapps\common\Clawed\Engine\Binaries\Win64\api-ms-win-core-profile-l1-1-0.dll,Engine/Binaries/Win64,api-ms-win-core-profile-l1-1-0.dll,.dll,43392,2026-08-13T19:44:21.280Z,23ea9ece1471be0e9ba83c8fda02553b1577729653456deeeafa2a0e2df53d45,runtime_library,Runtime dependency mapping and diagnostics; do not overwrite unknown runtime DLLs
physical,Engine/Binaries/Win64/api-ms-win-core-rtlsupport-l1-1-0.dll,C:\Program Files (x86)\Steam\steamapps\common\Clawed\Engine\Binaries\Win64\api-ms-win-core-rtlsupport-l1-1-0.dll,Engine/Binaries/Win64,api-ms-win-core-rtlsupport-l1-1-0.dll,.dll,43408,2026-08-13T19:44:19.908Z,7d27e3c0ad136c3a2b0a96317383eb08c3b69630895353974db45783654c68c2,runtime_library,Runtime dependency mapping and diagnostics; do not overwrite unknown runtime DLLs
physical,Engine/Binaries/Win64/api-ms-win-core-string-l1-1-0.dll,C:\Program Files (x86)\Steam\steamapps\common\Clawed\Engine\Binaries\Win64\api-ms-win-core-string-l1-1-0.dll,Engine/Binaries/Win64,api-ms-win-core-string-l1-1-0.dll,.dll,43392,2026-08-13T19:44:21.091Z,a1754b194b6e8747525998a85f9bad49f6eb3d2863c902a5d4653b0b61959983,runtime_library,Runtime dependency mapping and diagnostics; do not overwrite unknown runtime DLLs
physical,Engine/Binaries/Win64/api-ms-win-core-synch-l1-1-0.dll,C:\Program Files (x86)\Steam\steamapps\common\Clawed\Engine\Binaries\Win64\api-ms-win-core-synch-l1-1-0.dll,Engine/Binaries/Win64,api-ms-win-core-synch-l1-1-0.dll,.dll,43408,2026-08-13T19:44:20.591Z,749150548217528368d37930848b8941550eb72fbd41d5988acff6ff7d7d4469,runtime_library,Runtime dependency mapping and diagnostics; do not overwrite unknown runtime DLLs
physical,Engine/Binaries/Win64/api-ms-win-core-synch-l1-2-0.dll,C:\Program Files (x86)\Steam\steamapps\common\Clawed\Engine\Binaries\Win64\api-ms-win-core-synch-l1-2-0.dll,Engine/Binaries/Win64,api-ms-win-core-synch-l1-2-0.dll,.dll,43408,2026-08-13T19:44:13.963Z,84b3b32d897d404635ef901f341dd11f76c9f13553089d3bbe144d500a062f8c,runtime_library,Runtime dependency mapping and diagnostics; do not overwrite unknown runtime DLLs
physical,Engine/Binaries/Win64/api-ms-win-core-sysinfo-l1-1-0.dll,C:\Program Files (x86)\Steam\steamapps\common\Clawed\Engine\Binaries\Win64\api-ms-win-core-sysinfo-l1-1-0.dll,Engine/Binaries/Win64,api-ms-win-core-sysinfo-l1-1-0.dll,.dll,43392,2026-08-13T19:44:16.949Z,fb963245cfd4d5597f95e749227b7a5d7755b9ebe60dc514d61510585889372d,runtime_library,Runtime dependency mapping and diagnostics; do not overwrite unknown runtime DLLs
physical,Engine/Binaries/Win64/api-ms-win-core-timezone-l1-1-0.dll,C:\Program Files (x86)\Steam\steamapps\common\Clawed\Engine\Binaries\Win64\api-ms-win-core-timezone-l1-1-0.dll,Engine/Binaries/Win64,api-ms-win-core-timezone-l1-1-0.dll,.dll,43392,2026-08-13T19:44:19.501Z,1d1ce71126ecbc707a6e5813bdb578412bf759f29882332d23cca4d43159a925,runtime_library,Runtime dependency mapping and diagnostics; do not overwrite unknown runtime DLLs
physical,Engine/Binaries/Win64/api-ms-win-core-util-l1-1-0.dll,C:\Program Files (x86)\Steam\steamapps\common\Clawed\Engine\Binaries\Win64\api-ms-win-core-util-l1-1-0.dll,Engine/Binaries/Win64,api-ms-win-core-util-l1-1-0.dll,.dll,43408,2026-08-13T19:44:21.190Z,86d1c81789d7c81dfcb8d96198f57ac1120e9dff8464b89222a4960893a3ea5a,runtime_library,Runtime dependency mapping and diagnostics; do not overwrite unknown runtime DLLs
physical,Engine/Binaries/Win64/api-ms-win-crt-conio-l1-1-0.dll,C:\Program Files (x86)\Steam\steamapps\common\Clawed\Engine\Binaries\Win64\api-ms-win-crt-conio-l1-1-0.dll,Engine/Binaries/Win64,api-ms-win-crt-conio-l1-1-0.dll,.dll,43400,2026-08-13T19:44:15.469Z,db025c2757accfc3fc8d53c50bfd3ab5cae33545c9d6eaed0dcda3c0d3a1d9b2,runtime_library,Runtime dependency mapping and diagnostics; do not overwrite unknown runtime DLLs
physical,Engine/Binaries/Win64/api-ms-win-crt-convert-l1-1-0.dll,C:\Program Files (x86)\Steam\steamapps\common\Clawed\Engine\Binaries\Win64\api-ms-win-crt-convert-l1-1-0.dll,Engine/Binaries/Win64,api-ms-win-crt-convert-l1-1-0.dll,.dll,47496,2026-08-13T19:44:18.936Z,39a9ddbbf8652aca62469872918b71f31132e0a2c33063165e9302b022a5782b,runtime_library,Runtime dependency mapping and diagnostics; do not overwrite unknown runtime DLLs
physical,Engine/Binaries/Win64/api-ms-win-crt-environment-l1-1-0.dll,C:\Program Files (x86)\Steam\steamapps\common\Clawed\Engine\Binaries\Win64\api-ms-win-crt-environment-l1-1-0.dll,Engine/Binaries/Win64,api-ms-win-crt-environment-l1-1-0.dll,.dll,43400,2026-08-13T19:44:20.357Z,e8b675b866a53216fcfd73bc73d81d0256f87b028bdf5b02f7091ab87f78d010,runtime_library,Runtime dependency mapping and diagnostics; do not overwrite unknown runtime DLLs
physical,Engine/Binaries/Win64/api-ms-win-crt-filesystem-l1-1-0.dll,C:\Program Files (x86)\Steam\steamapps\common\Clawed\Engine\Binaries\Win64\api-ms-win-crt-filesystem-l1-1-0.dll,Engine/Binaries/Win64,api-ms-win-crt-filesystem-l1-1-0.dll,.dll,43400,2026-08-13T19:44:19.892Z,4a1f6e6a5ee67aa05c8bfb0f2d2f626bca876f09a7c10ef0cd0cd49916c88e47,runtime_library,Runtime dependency mapping and diagnostics; do not overwrite unknown runtime DLLs
physical,Engine/Binaries/Win64/api-ms-win-crt-heap-l1-1-0.dll,C:\Program Files (x86)\Steam\steamapps\common\Clawed\Engine\Binaries\Win64\api-ms-win-crt-heap-l1-1-0.dll,Engine/Binaries/Win64,api-ms-win-crt-heap-l1-1-0.dll,.dll,43416,2026-08-13T19:44:14.037Z,895cef6032142023dd12c24009d0ded363694075b7345754055e14bfbe77ac3e,runtime_library,Runtime dependency mapping and diagnostics; do not overwrite unknown runtime DLLs
physical,Engine/Binaries/Win64/api-ms-win-crt-locale-l1-1-0.dll,C:\Program Files (x86)\Steam\steamapps\common\Clawed\Engine\Binaries\Win64\api-ms-win-crt-locale-l1-1-0.dll,Engine/Binaries/Win64,api-ms-win-crt-locale-l1-1-0.dll,.dll,43408,2026-08-13T19:44:19.162Z,2210dc529792a787562ab823fa32377988ffe125b71122c9f780c0b13f96dc0d,runtime_library,Runtime dependency mapping and diagnostics; do not overwrite unknown runtime DLLs
physical,Engine/Binaries/Win64/api-ms-win-crt-math-l1-1-0.dll,C:\Program Files (x86)\Steam\steamapps\common\Clawed\Engine\Binaries\Win64\api-ms-win-crt-math-l1-1-0.dll,Engine/Binaries/Win64,api-ms-win-crt-math-l1-1-0.dll,.dll,51600,2026-08-13T19:44:15.426Z,074d6fae9588f8e04dbbdf31d151c8cb681967d5d751535943e257fa5adcb6c0,runtime_library,Runtime dependency mapping and diagnostics; do not overwrite unknown runtime DLLs
physical,Engine/Binaries/Win64/api-ms-win-crt-multibyte-l1-1-0.dll,C:\Program Files (x86)\Steam\steamapps\common\Clawed\Engine\Binaries\Win64\api-ms-win-crt-multibyte-l1-1-0.dll,Engine/Binaries/Win64,api-ms-win-crt-multibyte-l1-1-0.dll,.dll,51600,2026-08-13T19:44:21.352Z,7873e6a6a4cb99367da3c7a87df37bc5d7cfae22cccbbb42f7a5aef0295d37d5,runtime_library,Runtime dependency mapping and diagnostics; do not overwrite unknown runtime DLLs
physical,Engine/Binaries/Win64/api-ms-win-crt-private-l1-1-0.dll,C:\Program Files (x86)\Steam\steamapps\common\Clawed\Engine\Binaries\Win64\api-ms-win-crt-private-l1-1-0.dll,Engine/Binaries/Win64,api-ms-win-crt-private-l1-1-0.dll,.dll,96640,2026-08-13T19:44:20.246Z,0b9f31c7b6803cfa67f42a097450bdba7dd608fc0c3d4797af6834a909c3288a,runtime_library,Runtime dependency mapping and diagnostics; do not overwrite unknown runtime DLLs
physical,Engine/Binaries/Win64/api-ms-win-crt-process-l1-1-0.dll,C:\Program Files (x86)\Steam\steamapps\common\Clawed\Engine\Binaries\Win64\api-ms-win-crt-process-l1-1-0.dll,Engine/Binaries/Win64,api-ms-win-crt-process-l1-1-0.dll,.dll,43408,2026-08-13T19:44:21.358Z,8d475626e15d56ea6f0927dfab5ed15086a30d807eb64b730b74366ae61fabb7,runtime_library,Runtime dependency mapping and diagnostics; do not overwrite unknown runtime DLLs
physical,Engine/Binaries/Win64/api-ms-win-crt-runtime-l1-1-0.dll,C:\Program Files (x86)\Steam\steamapps\common\Clawed\Engine\Binaries\Win64\api-ms-win-crt-runtime-l1-1-0.dll,Engine/Binaries/Win64,api-ms-win-crt-runtime-l1-1-0.dll,.dll,47488,2026-08-13T19:44:21.347Z,d8538c22bd448ce8286a77974b3cbfa37d4743d97a7b0021b46bbd9cb8f1286e,runtime_library,Runtime dependency mapping and diagnostics; do not overwrite unknown runtime DLLs
physical,Engine/Binaries/Win64/api-ms-win-crt-stdio-l1-1-0.dll,C:\Program Files (x86)\Steam\steamapps\common\Clawed\Engine\Binaries\Win64\api-ms-win-crt-stdio-l1-1-0.dll,Engine/Binaries/Win64,api-ms-win-crt-stdio-l1-1-0.dll,.dll,47496,2026-08-13T19:44:14.093Z,476f298b59bca2ebeccda071392c96dbee61e146bdc37f341a26e26a2b6b1bd2,runtime_library,Runtime dependency mapping and diagnostics; do not overwrite unknown runtime DLLs
physical,Engine/Binaries/Win64/api-ms-win-crt-string-l1-1-0.dll,C:\Program Files (x86)\Steam\steamapps\common\Clawed\Engine\Binaries\Win64\api-ms-win-crt-string-l1-1-0.dll,Engine/Binaries/Win64,api-ms-win-crt-string-l1-1-0.dll,.dll,47496,2026-08-13T19:44:19.841Z,e4752ab8494b7ff553c37172dcf6dd6f09589c68103de0728f526c82a381c040,runtime_library,Runtime dependency mapping and diagnostics; do not overwrite unknown runtime DLLs
physical,Engine/Binaries/Win64/api-ms-win-crt-time-l1-1-0.dll,C:\Program Files (x86)\Steam\steamapps\common\Clawed\Engine\Binaries\Win64\api-ms-win-crt-time-l1-1-0.dll,Engine/Binaries/Win64,api-ms-win-crt-time-l1-1-0.dll,.dll,43392,2026-08-13T19:44:20.598Z,61a57c1ff36f06d5b26f28a02e7ec7d78998515adde737ded68c5f48909cbacb,runtime_library,Runtime dependency mapping and diagnostics; do not overwrite unknown runtime DLLs
physical,Engine/Binaries/Win64/api-ms-win-crt-utility-l1-1-0.dll,C:\Program Files (x86)\Steam\steamapps\common\Clawed\Engine\Binaries\Win64\api-ms-win-crt-utility-l1-1-0.dll,Engine/Binaries/Win64,api-ms-win-crt-utility-l1-1-0.dll,.dll,43408,2026-08-13T19:44:14.017Z,70243785ef2c7445686e097a2d95c00272fa8329e01ad0e36e608365b85239fd,runtime_library,Runtime dependency mapping and diagnostics; do not overwrite unknown runtime DLLs
physical,Engine/Binaries/Win64/concrt140.dll,C:\Program Files (x86)\Steam\steamapps\common\Clawed\Engine\Binaries\Win64\concrt140.dll,Engine/Binaries/Win64,concrt140.dll,.dll,343816,2026-08-13T19:37:38.928Z,9d10c75109158a5d0e74a1fa904aed34da4caab29a0eea478d30d449d2e13e44,runtime_library,Runtime dependency mapping and diagnostics; do not overwrite unknown runtime DLLs
physical,Engine/Binaries/Win64/EOSSDK-Win64-Shipping.dll,C:\Program Files (x86)\Steam\steamapps\common\Clawed\Engine\Binaries\Win64\EOSSDK-Win64-Shipping.dll,Engine/Binaries/Win64,EOSSDK-Win64-Shipping.dll,.dll,18287840,2026-08-13T19:37:38.928Z,8751153db39ddf645bff0ad19da237403926abbe795759464b1df892c8a461db,runtime_library; online_service_runtime; multiplayer_infrastructure,"Multiplayer research and compatibility probes; alter only through validated game-level APIs, not DLL patching; Runtime dependency mapping and diagnostics; do not overwrite unknown runtime DLLs"
physical,Engine/Binaries/Win64/msvcp140_1.dll,C:\Program Files (x86)\Steam\steamapps\common\Clawed\Engine\Binaries\Win64\msvcp140_1.dll,Engine/Binaries/Win64,msvcp140_1.dll,.dll,57072,2026-08-13T19:44:14.658Z,09b37de777185c6261a1c8351eb25840ca314079f606ba3b7f50a3a8e56fc8d2,runtime_library,Runtime dependency mapping and diagnostics; do not overwrite unknown runtime DLLs
physical,Engine/Binaries/Win64/msvcp140_2.dll,C:\Program Files (x86)\Steam\steamapps\common\Clawed\Engine\Binaries\Win64\msvcp140_2.dll,Engine/Binaries/Win64,msvcp140_2.dll,.dll,290136,2026-08-13T19:37:38.929Z,3ef4f03f1bbe40d0b35a3c76db110706a5d428689b17447e9241992e54e36d2a,runtime_library,Runtime dependency mapping and diagnostics; do not overwrite unknown runtime DLLs
physical,Engine/Binaries/Win64/msvcp140_atomic_wait.dll,C:\Program Files (x86)\Steam\steamapps\common\Clawed\Engine\Binaries\Win64\msvcp140_atomic_wait.dll,Engine/Binaries/Win64,msvcp140_atomic_wait.dll,.dll,71920,2026-08-13T19:44:14.096Z,8bb6e7ebe034b293e8c01a3a4216d09eb4a5daaf6a552c559d4546187f7eebed,runtime_library,Runtime dependency mapping and diagnostics; do not overwrite unknown runtime DLLs
physical,Engine/Binaries/Win64/msvcp140_codecvt_ids.dll,C:\Program Files (x86)\Steam\steamapps\common\Clawed\Engine\Binaries\Win64\msvcp140_codecvt_ids.dll,Engine/Binaries/Win64,msvcp140_codecvt_ids.dll,.dll,53000,2026-08-13T19:44:15.708Z,db68514053ae9a5ee9dd3ed7f8106d4d874f49f4ff826d5e0e3b787eeffda04a,runtime_library,Runtime dependency mapping and diagnostics; do not overwrite unknown runtime DLLs
physical,Engine/Binaries/Win64/msvcp140.dll,C:\Program Files (x86)\Steam\steamapps\common\Clawed\Engine\Binaries\Win64\msvcp140.dll,Engine/Binaries/Win64,msvcp140.dll,.dll,596312,2026-08-13T19:37:38.928Z,7343e20d390d9972ffa6c55b35676a4e57e7c28c7279ff25389b4adf8c8abc9f,runtime_library,Runtime dependency mapping and diagnostics; do not overwrite unknown runtime DLLs
physical,Engine/Binaries/Win64/ucrtbase.dll,C:\Program Files (x86)\Steam\steamapps\common\Clawed\Engine\Binaries\Win64\ucrtbase.dll,Engine/Binaries/Win64,ucrtbase.dll,.dll,1145224,2026-08-13T19:37:38.929Z,0898f8fe45ce219f4d2528e82014781aea4592ac528199b233c677d78a370b2f,runtime_library,Runtime dependency mapping and diagnostics; do not overwrite unknown runtime DLLs
physical,Engine/Binaries/Win64/vccorlib140.dll,C:\Program Files (x86)\Steam\steamapps\common\Clawed\Engine\Binaries\Win64\vccorlib140.dll,Engine/Binaries/Win64,vccorlib140.dll,.dll,373080,2026-08-13T19:37:38.929Z,0d0e649f2550233dd22953c2522e7d291fe3261c8a7f1502b1bfa6e42bd7b743,runtime_library,Runtime dependency mapping and diagnostics; do not overwrite unknown runtime DLLs
physical,Engine/Binaries/Win64/vcruntime140_1.dll,C:\Program Files (x86)\Steam\steamapps\common\Clawed\Engine\Binaries\Win64\vcruntime140_1.dll,Engine/Binaries/Win64,vcruntime140_1.dll,.dll,70896,2026-08-13T19:44:21.159Z,b62bd35fdbfc16e493849de918f90977c6104858168086489a1f9d36c78768cc,runtime_library,Runtime dependency mapping and diagnostics; do not overwrite unknown runtime DLLs
physical,Engine/Binaries/Win64/vcruntime140_threads.dll,C:\Program Files (x86)\Steam\steamapps\common\Clawed\Engine\Binaries\Win64\vcruntime140_threads.dll,Engine/Binaries/Win64,vcruntime140_threads.dll,.dll,59768,2026-08-13T19:44:21.173Z,2fda397533ab69224f992dac79732eb801868d2fc41a2df4e6193e82a9b61bb9,runtime_library,Runtime dependency mapping and diagnostics; do not overwrite unknown runtime DLLs
physical,Engine/Binaries/Win64/vcruntime140.dll,C:\Program Files (x86)\Steam\steamapps\common\Clawed\Engine\Binaries\Win64\vcruntime140.dll,Engine/Binaries/Win64,vcruntime140.dll,.dll,141144,2026-08-13T19:44:21.334Z,5c93f65e672a0eb3c2d0a3337a87fcb1f6b8d4d0ebc3901ab9d42b8e3a918b24,runtime_library,Runtime dependency mapping and diagnostics; do not overwrite unknown runtime DLLs
physical,Engine/Binaries/Win64/X3DAudio1_7.dll,C:\Program Files (x86)\Steam\steamapps\common\Clawed\Engine\Binaries\Win64\X3DAudio1_7.dll,Engine/Binaries/Win64,X3DAudio1_7.dll,.dll,46200,2026-08-13T19:44:05.492Z,5c005b4e0d88d15a5e1a5fe0fa27683d2bf9b809e1bbdf5bc4e4169613563c41,runtime_library,Runtime dependency mapping and diagnostics; do not overwrite unknown runtime DLLs
physical,Engine/Binaries/Win64/XAPOFX1_5.dll,C:\Program Files (x86)\Steam\steamapps\common\Clawed\Engine\Binaries\Win64\XAPOFX1_5.dll,Engine/Binaries/Win64,XAPOFX1_5.dll,.dll,98936,2026-08-13T19:44:20.413Z,a7e7b39c056efed0ddda116b4efbed9bc8f34f6bd31b21edfa38235d7916f0a2,runtime_library,Runtime dependency mapping and diagnostics; do not overwrite unknown runtime DLLs
physical,Engine/Binaries/Win64/XAudio2_7.dll,C:\Program Files (x86)\Steam\steamapps\common\Clawed\Engine\Binaries\Win64\XAudio2_7.dll,Engine/Binaries/Win64,XAudio2_7.dll,.dll,539768,2026-08-13T19:37:38.929Z,f46dc4c8180216fb138bc4b982aae915bca6a4f89fa3f3c8054943c26cd85f99,runtime_library,Runtime dependency mapping and diagnostics; do not overwrite unknown runtime DLLs
physical,Engine/Binaries/Win64/xinput1_3.dll,C:\Program Files (x86)\Steam\steamapps\common\Clawed\Engine\Binaries\Win64\xinput1_3.dll,Engine/Binaries/Win64,xinput1_3.dll,.dll,128640,2026-08-13T19:44:21.151Z,b69d732b24bc70e6fcd2716612ab9153af78168e0a1817f233a99db72ce9bac7,runtime_library,Runtime dependency mapping and diagnostics; do not overwrite unknown runtime DLLs
physical,Engine/Config/StagedBuild_Clawed.ini,C:\Program Files (x86)\Steam\steamapps\common\Clawed\Engine\Config\StagedBuild_Clawed.ini,Engine/Config,StagedBuild_Clawed.ini,.ini,0,2026-08-13T19:44:22.163Z,e3b0c44298fc1c149afbf4c8996fb92427ae41e4649b934ca495991b7852b855,,Inventory and fingerprinting reference
physical,Engine/Content/Renderer/TessellationTable.bin,C:\Program Files (x86)\Steam\steamapps\common\Clawed\Engine\Content\Renderer\TessellationTable.bin,Engine/Content/Renderer,TessellationTable.bin,.bin,259568,2026-08-13T19:44:20.056Z,edc4f3b628a139c5e185bbaeca661c95c1f427368d3b92892c5cff36c56dd941,,Inventory and fingerprinting reference
physical,Engine/Content/Slate/Cursor/invisible.cur,C:\Program Files (x86)\Steam\steamapps\common\Clawed\Engine\Content\Slate\Cursor\invisible.cur,Engine/Content/Slate/Cursor,invisible.cur,.cur,326,2026-08-13T19:44:15.571Z,fef3980fa567e9c45d5d8dcaa432a2c1a3f3bb17fe67d7ab198164f56c142aa1,engine_ui_asset,Engine/editor UI assets; rarely relevant to gameplay mods
physical,Engine/Content/SlateDebug/Fonts/LastResort.tps,C:\Program Files (x86)\Steam\steamapps\common\Clawed\Engine\Content\SlateDebug\Fonts\LastResort.tps,Engine/Content/SlateDebug/Fonts,LastResort.tps,.tps,930,2026-08-13T19:44:19.497Z,0f775fa99d05e21d43d2d06d55982b23dcdccdb512a9a5a07aff674f212c41b8,,Inventory and fingerprinting reference
physical,Engine/Content/SlateDebug/Fonts/LastResort.ttf,C:\Program Files (x86)\Steam\steamapps\common\Clawed\Engine\Content\SlateDebug\Fonts\LastResort.ttf,Engine/Content/SlateDebug/Fonts,LastResort.ttf,.ttf,5395052,2026-08-13T19:37:38.932Z,fff0f8de0b868b964950fe97c9b60f893e9bc85a4f90b3629c5693db058b97b9,,Inventory and fingerprinting reference
physical,Engine/Extras/Redist/en-us/UEPrereqSetup_x64.exe,C:\Program Files (x86)\Steam\steamapps\common\Clawed\Engine\Extras\Redist\en-us\UEPrereqSetup_x64.exe,Engine/Extras/Redist/en-us,UEPrereqSetup_x64.exe,.exe,50542848,2026-08-13T19:37:38.933Z,d0ce78f1771cf3ae0b13f01c262c1c6fd3d673d673678d3ca7c0569a75963d27,prerequisite_installer,Installer dependency reference only; never execute as part of mod install
physical,Engine/Plugins/NNE/NNERuntimeORT/Binaries/ThirdParty/Onnxruntime/Win64/onnxruntime.dll,C:\Program Files (x86)\Steam\steamapps\common\Clawed\Engine\Plugins\NNE\NNERuntimeORT\Binaries\ThirdParty\Onnxruntime\Win64\onnxruntime.dll,Engine/Plugins/NNE/NNERuntimeORT/Binaries/ThirdParty/Onnxruntime/Win64,onnxruntime.dll,.dll,13573448,2026-08-13T19:37:38.936Z,7e90e089d2df40b1a83b11434d6df8f9d963f1d1d684f1c22645660ba3a55772,,Inventory and fingerprinting reference
physical,Manifest_DebugFiles_Win64.txt,C:\Program Files (x86)\Steam\steamapps\common\Clawed\Manifest_DebugFiles_Win64.txt,,Manifest_DebugFiles_Win64.txt,.txt,338,2026-08-13T19:44:21.277Z,5f0dfcde4e7db46611c8da2b04616b4133899835d29ec2a03e20084bbe4b22c9,steam_unreal_file_manifest,"Release inventory, integrity comparison, and update drift detection"
physical,Manifest_NonUFSFiles_Win64.txt,C:\Program Files (x86)\Steam\steamapps\common\Clawed\Manifest_NonUFSFiles_Win64.txt,,Manifest_NonUFSFiles_Win64.txt,.txt,11718,2026-08-13T19:44:16.963Z,74efeb8f05b729be81381f99ecf6afbd691b65378b651d86e009677c39137413,steam_unreal_file_manifest,"Release inventory, integrity comparison, and update drift detection"
physical,Manifest_UFSFiles_Win64.txt,C:\Program Files (x86)\Steam\steamapps\common\Clawed\Manifest_UFSFiles_Win64.txt,,Manifest_UFSFiles_Win64.txt,.txt,6633406,2026-08-13T19:37:38.937Z,f1bad8bd151c8e578d7e03ed8e996a5c5465c9dc33783d14dd7c2b0f831cc13f,steam_unreal_file_manifest,"Release inventory, integrity comparison, and update drift detection"
